Nom;NAL Lundi;NAL Mardi;NAL Mercredi;NAL Jeudi;NAL Vendredi;NAL Samedi;PF/FL Lundi;PF/FL Mardi;PF/FL Mercredi;PF/FL Jeudi;PF/FL Vendredi;PF/FL Samedi;SURG Lundi;SURG Mardi;SURG Mercredi;SURG Jeudi;SURG Vendredi;SURG Samedi
RONCQ;07:30 - 11:00 / 04:00 - 07:30;07:30 - 11:00 / 04:00 - 07:30;07:30 - 11:00 / 04:00 - 07:30;07:30 - 11:00 / 04:00 - 07:30;07:30 - 11:00;04:00 - 07:30;07:30 - 17:00 / 03:00 - 07:30;07:30 - 17:00 / 03:00 - 07:30;07:30 - 17:00 / 03:00 - 07:30;07:30 - 17:00 / 03:00 - 07:30;07:30 - 17:00 / 03:00 - 07:30;07:30 - 17:00 / 03:00 - 07:30;07:30 - 17:00 / 03:00 - 07:30;07:30 - 17:00 / 03:00 - 07:30;07:30 - 17:00 / 03:00 - 07:30;07:30 - 17:00 / 03:00 - 07:30;07:30 - 17:00 / 03:00 - 07:30;07:30 - 17:00 / 03:00 - 07:30
ENGLOS;07:30 - 11:00 / 04:00 - 07:30;07:30 - 11:00 / 04:00 - 07:30;07:30 - 11:00 / 04:00 - 07:30;07:30 - 11:00 / 04:00 - 07:30;07:30 - 11:00;04:00 - 07:30;07:30 - 17:30 / 18:30 - 19:30 / 02:00 - 07:30;07:30 - 17:30 / 18:30 - 19:30 / 02:00 - 07:30;07:30 - 17:30 / 18:30 - 19:30 / 02:00 - 07:30;07:30 - 17:30 / 18:30 - 19:30 / 02:00 - 07:30;07:30 - 17:30 / 18:30 - 19:30 / 02:00 - 07:30;07:30 - 17:30 / 18:30 - 19:30 / 02:00 - 07:30;07:30 - 17:30 / 02:00 - 07:30;07:30 - 17:30 / 02:00 - 07:30;07:30 - 17:30 / 02:00 - 07:30;07:30 - 17:30 / 02:00 - 07:30;07:30 - 17:30 / 02:00 - 07:30;07:30 - 17:30 / 02:00 - 07:30
LEERS;07:30 - 12:00 / 07:00 - 07:30;07:30 - 12:00 / 07:00 - 07:30;07:30 - 12:00 / 07:00 - 07:30;07:30 - 12:00 / 07:00 - 07:30;07:30 - 12:00;07:00 - 07:30;07:30 - 11:00 / 19:45 - 20:45 / 02:00 - 07:30;07:30 - 11:00 / 19:45 - 20:45 / 02:00 - 07:30;07:30 - 11:00 / 19:45 - 20:45 / 02:00 - 07:30;07:30 - 11:00 / 19:45 - 20:45 / 02:00 - 07:30;07:30 - 11:00 / 19:45 - 20:45 / 02:00 - 07:30;07:30 - 11:00 / 02:00 - 07:30;07:30 - 11:00 / 02:00 - 07:30;07:30 - 11:00 / 02:00 - 07:30;07:30 - 11:00 / 02:00 - 07:30;07:30 - 11:00 / 02:00 - 07:30;07:30 - 11:00 / 02:00 - 07:30;07:30 - 11:00 / 02:00 - 07:30
BOULOGNE;07:30 - 08:30 / 05:30 - 07:30;07:30 - 08:30 / 05:30 - 07:30;07:30 - 08:30 / 05:30 - 07:30;07:30 - 08:30 / 05:30 - 07:30;07:30 - 08:30;05:30 - 07:30;07:30 - 09:00 / 18:45 - 19:45 / 03:00 - 07:30;07:30 - 09:00 / 18:45 - 19:45 / 03:00 - 07:30;07:30 - 09:00 / 18:45 - 19:45 / 03:00 - 07:30;07:30 - 09:00 / 18:45 - 19:45 / 03:00 - 07:30;07:30 - 09:00 / 18:45 - 19:45 / 03:30 - 07:30;07:30 - 08:00 / 17:45 - 18:45 / 03:00 - 07:30;07:30 - 18:00 / 05:00 - 07:30;07:30 - 18:00 / 05:00 - 07:30;07:30 - 18:00 / 05:00 - 07:30;07:30 - 18:00 / 05:00 - 07:30;07:30 - 18:00 / 05:00 - 07:30;07:30 - 16:00 / 05:00 - 07:30
PETITE FORET;07:30 - 09:00 / 06:00 - 07:30;07:30 - 09:00 / 06:00 - 07:30;07:30 - 09:00 / 06:00 - 07:30;07:30 - 09:00 / 06:00 - 07:30;07:30 - 09:00;06:00 - 07:30;07:30 - 12:00 / 15:45 - 16:45 / 03:15 - 07:30;07:30 - 12:00 / 15:45 - 16:45 / 03:15 - 07:30;07:30 - 12:00 / 15:45 - 16:45 / 03:15 - 07:30;07:30 - 12:00 / 15:45 - 16:45 / 03:15 - 07:30;07:30 - 12:00 / 15:45 - 16:45 / 03:15 - 07:30;15:00 - 16:45 / 03:15 - 07:30;07:30 - 12:00 / 03:15 - 07:30;07:30 - 12:00 / 03:15 - 07:30;07:30 - 12:00 / 03:15 - 07:30;07:30 - 12:00 / 03:15 - 07:30;07:30 - 12:00;15:00 - 16:00 / 03:15 - 07:30
NOYELLES GODAULT;07:30 - 20:00 / 06:00 - 07:30;07:30 - 20:00 / 06:00 - 07:30;07:30 - 20:00 / 06:00 - 07:30;07:30 - 20:00 / 06:00 - 07:30;07:30 - 20:00;06:00 - 07:30;07:30 - 11:30 / 15:15 - 16:15 / 20:15 - 21:15 / 03:00 - 07:30;07:30 - 11:30 / 15:15 - 16:15 / 20:15 - 21:15 / 03:00 - 07:30;07:30 - 11:30 / 15:15 - 16:15 / 20:15 - 21:15 / 03:00 - 07:30;07:30 - 11:30 / 15:15 - 16:15 / 20:15 - 21:15 / 03:00 - 07:30;07:30 - 11:30 / 15:15 - 16:15 / 20:15 - 21:15 / 03:00 - 07:30;07:30 - 11:30 / 18:15 - 19:15 / 03:00 - 07:30;13:30 - 15:00;13:30 - 15:00;13:30 - 15:00;13:30 - 15:00;13:30 - 15:00;13:30 - 15:00
LE HAVRE;07:30 - 11:30 / 24:00 - 07:30;07:30 - 11:30 / 24:00 - 07:30;07:30 - 11:30 / 24:00 - 07:30;07:30 - 11:30 / 24:00 - 07:30;07:30 - 11:30 / 24:00 - 07:30;07:30 - 08:00 / 24:00 - 07:30;07:30 - 11:30 / 24:00 - 07:30;07:30 - 11:30 / 24:00 - 07:30;07:30 - 11:30 / 24:00 - 07:30;07:30 - 11:30 / 24:00 - 07:30;07:30 - 11:30 / 24:00 - 07:30;07:30 - 08:00 / 24:00 - 07:30;07:30 - 11:30 / 24:00 - 07:30;07:30 - 11:30 / 24:00 - 07:30;07:30 - 11:30 / 24:00 - 07:30;07:30 - 11:30 / 24:00 - 07:30;07:30 - 11:30 / 24:00 - 07:30;07:30 - 08:00 / 24:00 - 07:30
LOUVROIL;22:00 - 06:00;22:00 - 06:00;22:00 - 06:00;22:00 - 06:00;22:00 - 06:00;Fermé;22:00 - 06:00;22:00 - 06:00;22:00 - 06:00;22:00 - 06:00;22:00 - 06:00;00:15 - 01:15;22:00 - 06:00;22:00 - 06:00;22:00 - 06:00;22:00 - 06:00;22:00 - 06:00;Fermé
DUNKERQUE;09:00 - 14:00;09:00 - 14:00;09:00 - 14:00;09:00 - 14:00;09:00 - 14:00;Fermé;07:30 - 18:30 / 01:00 - 07:30;07:30 - 18:30 / 01:00 - 07:30;07:30 - 18:30 / 01:00 - 07:30;07:30 - 18:30 / 01:00 - 07:30;07:30 - 18:30 / 01:00 - 07:30;07:30 - 18:30 / 01:00 - 07:30;12:00 - 18:30;12:00 - 18:30;12:00 - 18:30;12:00 - 18:30;12:00 - 18:30;12:00 - 18:30
VILLENEUVE 2;08:30 - 12:00;08:30 - 12:00;08:30 - 12:00;08:30 - 12:00;08:30 - 12:00;08:30 - 12:00;07:30 - 21:15 / 04:15 - 07:30;07:30 - 21:15 / 04:15 - 07:30;07:30 - 21:15 / 04:15 - 07:30;07:30 - 21:15 / 04:15 - 07:30;07:30 - 21:15 / 04:15 - 07:30;07:30 - 20:30 / 04:15 - 07:30;07:30 - 20:30 / 04:15 - 07:30;07:30 - 20:30 / 04:15 - 07:30;07:30 - 20:30 / 04:15 - 07:30;07:30 - 20:30 / 04:15 - 07:30;07:30 - 20:30 / 04:15 - 07:30;07:30 - 20:30 / 04:15 - 07:30
CAMBRAI;13:00 - 19:00;13:00 - 19:00;13:00 - 19:00;13:00 - 19:00;13:00 - 19:00;12:00 - 18:00;07:30 - 09:30 / 17:00 - 18:00 / 05:00 - 07:30;07:30 - 09:30 / 17:00 - 18:00 / 05:00 - 07:30;07:30 - 09:30 / 17:00 - 18:00 / 05:00 - 07:30;07:30 - 09:30 / 17:00 - 18:00 / 05:00 - 07:30;07:30 - 09:30 / 17:00 - 18:00 / 05:00 - 07:30;07:30 - 08:00 / 17:00 - 18:00 / 05:00 - 07:30;13:00 - 19:00;13:00 - 19:00;13:00 - 19:00;13:00 - 19:00;13:00 - 19:00 / 05:00 - 07:30;07:30 - 10:00
VALENCIENNES;11:30 - 17:30;11:30 - 17:30;11:30 - 17:30;11:30 - 17:30;11:30 - 17:30;Fermé;07:30 - 08:00 / 16:45 - 17:45 / 04:00 - 07:30;07:30 - 08:00 / 16:45 - 17:45 / 04:00 - 07:30;07:30 - 08:00 / 16:45 - 17:45 / 04:00 - 07:30;07:30 - 08:00 / 16:45 - 17:45 / 04:00 - 07:30;07:30 - 08:00 / 16:45 - 17:45 / 04:00 - 07:30;07:30 - 08:00 / 04:00 - 07:30;12:00 - 17:30;12:00 - 17:30;12:00 - 17:30;12:00 - 17:30;12:00 - 17:30;Fermé
BETHUNE;21:00 - 06:00;21:00 - 06:00;21:00 - 06:00;21:00 - 06:00;21:00 - 06:00;Fermé;07:30 - 10:00 / 22:15 - 07:30;07:30 - 10:00 / 22:15 - 07:30;07:30 - 10:00 / 22:15 - 07:30;07:30 - 10:00 / 22:15 - 07:30;07:30 - 10:00 / 22:15 - 07:30;07:30 - 10:00;07:30 - 10:00 / 22:15 - 07:30;07:30 - 10:00 / 22:15 - 07:30;07:30 - 10:00 / 22:15 - 07:30;07:30 - 10:00 / 22:15 - 07:30;07:30 - 10:00 / 22:15 - 07:30;07:30 - 10:00
DIEPPE;07:30 - 12:00 / 06:30 - 07:30;07:30 - 12:00 / 06:30 - 07:30;07:30 - 12:00 / 06:30 - 07:30;07:30 - 12:00 / 06:30 - 07:30;07:30 - 12:00;06:30 - 07:30;07:30 - 09:00 / 03:00 - 07:30;07:30 - 09:00 / 03:00 - 07:30;07:30 - 09:00 / 03:00 - 07:30;07:30 - 09:00 / 03:00 - 07:30;07:30 - 09:00 / 03:00 - 07:30;07:30 - 09:00 / 03:00 - 07:30;07:30 - 09:00 / 03:00 - 07:30;07:30 - 09:00 / 03:00 - 07:30;07:30 - 09:00 / 03:00 - 07:30;07:30 - 09:00 / 03:00 - 07:30;07:30 - 09:00 / 03:00 - 07:30;07:30 - 09:00 / 03:00 - 07:30
CHERBOURG;07:30 - 10:30 / 03:00 - 07:30;07:30 - 10:30 / 03:00 - 07:30;07:30 - 10:30 / 03:00 - 07:30;07:30 - 10:30 / 03:00 - 07:30;07:30 - 10:30 / 03:00 - 07:30;07:30 - 09:00 / 03:00 - 07:30;07:30 - 10:30 / 03:00 - 07:30;07:30 - 10:30 / 03:00 - 07:30;07:30 - 10:30 / 03:00 - 07:30;07:30 - 10:30 / 03:00 - 07:30;07:30 - 10:30 / 03:00 - 07:30;07:30 - 09:00 / 03:00 - 07:30;07:30 - 10:30 / 03:00 - 07:30;07:30 - 10:30 / 03:00 - 07:30;07:30 - 10:30 / 03:00 - 07:30;07:30 - 10:30 / 03:00 - 07:30;07:30 - 10:30 / 03:00 - 07:30;07:30 - 09:00 / 03:00 - 07:30
FACHES;07:30 - 13:00 / 06:00 - 07:30;07:30 - 13:00 / 06:00 - 07:30;07:30 - 13:00 / 06:00 - 07:30;07:30 - 13:00 / 06:00 - 07:30;07:30 - 13:00;06:00 - 07:30;07:30 - 10:30 / 16:45 - 17:45 / 19:15 - 20:15 / 03:00 - 07:30;07:30 - 10:30 / 16:45 - 17:45 / 19:15 - 20:15 / 03:00 - 07:30;07:30 - 10:30 / 16:45 - 17:45 / 19:15 - 20:15 / 03:00 - 07:30;07:30 - 10:30 / 16:45 - 17:45 / 19:15 - 20:15 / 03:00 - 07:30;07:30 - 10:30 / 16:45 - 17:45 / 19:15 - 20:15 / 03:00 - 07:30;07:30 - 09:00 / 15:15 - 16:15 / 03:00 - 07:30;07:30 - 10:30 / 03:00 - 07:30;07:30 - 10:30 / 03:00 - 07:30;07:30 - 10:30 / 03:00 - 07:30;07:30 - 10:30 / 03:00 - 07:30;07:30 - 10:30 / 03:00 - 07:30;07:30 - 09:00 / 03:00 - 07:30
ARRAS;05:00 - 07:00;05:00 - 07:00;05:00 - 07:00;05:00 - 07:00;05:00 - 07:00;05:00 - 07:00;07:30 - 08:00 / 15:15 - 16:15 / 02:00 - 07:30;07:30 - 08:00 / 15:15 - 16:15 / 02:00 - 07:30;07:30 - 08:00 / 15:15 - 16:15 / 02:00 - 07:30;07:30 - 08:00 / 15:15 - 16:15 / 02:00 - 07:30;07:30 - 08:00 / 15:15 - 16:15 / 02:00 - 07:30;07:30 - 08:00 / 15:45 - 16:45 / 02:00 - 07:30;14:00 - 16:00;14:00 - 16:00;14:00 - 16:00;14:00 - 16:00;14:00 - 16:00;14:00 - 16:00
DOUAI;07:30 - 11:00 / 05:00 - 07:30;07:30 - 11:00 / 05:00 - 07:30;07:30 - 11:00 / 05:00 - 07:30;07:30 - 11:00 / 05:00 - 07:30;07:30 - 11:00;05:00 - 07:30;07:30 - 10:30 / 21:45 - 22:45 / 03:00 - 07:30;07:30 - 10:30 / 21:45 - 22:45 / 03:00 - 07:30;07:30 - 10:30 / 21:45 - 22:45 / 03:00 - 07:30;07:30 - 10:30 / 21:45 - 22:45 / 03:00 - 07:30;07:30 - 10:30 / 21:45 - 22:45 / 04:00 - 07:30;07:30 - 10:00 / 03:00 - 07:30;18:30 - 24:00;18:30 - 24:00;18:30 - 24:00;18:30 - 24:00;18:30 - 24:00;08:30 - 09:30
NOGENT SUR OISE;07:30 - 12:00 / 06:00 - 07:30;07:30 - 12:00 / 06:00 - 07:30;07:30 - 12:00 / 06:00 - 07:30;07:30 - 12:00 / 06:00 - 07:30;07:30 - 12:00 / 06:00 - 07:30;07:30 - 12:00 / 06:00 - 07:30;03:00 - 07:00;03:00 - 07:00;03:00 - 07:00;03:00 - 07:00;03:00 - 07:00;03:00 - 07:00;03:30 - 07:00;03:30 - 07:00;03:30 - 07:00;03:30 - 07:00;03:30 - 07:00;03:30 - 07:00
BEAUVAIS;07:30 - 12:00 / 06:00 - 07:30;07:30 - 12:00 / 06:00 - 07:30;07:30 - 12:00 / 06:00 - 07:30;07:30 - 12:00 / 06:00 - 07:30;07:30 - 12:00;06:00 - 07:30;03:00 - 07:00;03:00 - 07:00;03:00 - 07:00;03:00 - 07:00;03:00 - 07:00;03:00 - 07:00;03:00 - 07:00;03:00 - 07:00;03:00 - 07:00;03:00 - 07:00;03:00 - 07:00;03:00 - 07:00
AUCHAN CITY TOURCOING;07:30 - 12:00 / 04:30 - 07:30;07:30 - 12:00 / 04:30 - 07:30;07:30 - 12:00 / 04:30 - 07:30;07:30 - 12:00 / 04:30 - 07:30;07:30 - 12:00 / 04:30 - 07:30;07:30 - 12:00 / 04:30 - 07:30;07:30 - 12:00 / 04:30 - 07:30;07:30 - 12:00 / 04:30 - 07:30;07:30 - 12:00 / 04:30 - 07:30;07:30 - 12:00 / 04:30 - 07:30;07:30 - 12:00 / 04:30 - 07:30;07:30 - 12:00 / 04:30 - 07:30;07:30 - 12:00 / 04:30 - 07:30;07:30 - 12:00 / 04:30 - 07:30;07:30 - 12:00 / 04:30 - 07:30;07:30 - 12:00 / 04:30 - 07:30;07:30 - 12:00 / 04:30 - 07:30;07:30 - 12:00 / 04:30 - 07:30
DURY;21:00 - 07:30;21:00 - 07:30;21:00 - 07:30;21:00 - 07:30;21:00 - 07:30;21:00 - 22:00;21:00 - 07:30;21:00 - 07:30;21:00 - 07:30;21:00 - 07:30;21:00 - 07:30;21:00 - 22:00;21:00 - 07:30;21:00 - 07:30;21:00 - 07:30;21:00 - 07:30;21:00 - 07:30;21:00 - 22:00
ST OMER;12:00 - 20:00;12:00 - 20:00;12:00 - 20:00;12:00 - 20:00;12:00 - 20:00;11:00 - 17:00;07:30 - 08:00 / 19:45 - 20:45 / 02:00 - 07:30;07:30 - 08:00 / 19:45 - 20:45 / 02:00 - 07:30;07:30 - 08:00 / 19:45 - 20:45 / 02:00 - 07:30;07:30 - 08:00 / 19:45 - 20:45 / 02:00 - 07:30;07:30 - 08:00 / 19:45 - 20:45 / 02:00 - 07:30;07:30 - 08:00 / 17:45 - 18:45 / 02:00 - 07:30;07:30 - 08:00 / 04:00 - 07:30;07:30 - 08:00 / 04:00 - 07:30;07:30 - 08:00 / 04:00 - 07:30;07:30 - 08:00 / 04:00 - 07:30;07:30 - 08:00 / 04:00 - 07:30;07:30 - 08:00 / 04:00 - 07:30
ST QUENTIN;07:30 - 11:00 / 06:00 - 07:30;07:30 - 11:00 / 06:00 - 07:30;07:30 - 11:00 / 06:00 - 07:30;07:30 - 11:00 / 06:00 - 07:30;07:30 - 11:00;06:00 - 07:30;23:30 - 06:00;23:30 - 06:00;23:30 - 06:00;23:30 - 06:00;23:30 - 06:00;23:15 - 01:00;06:30 - 07:00;06:30 - 07:00;06:30 - 07:00;06:30 - 07:00;06:30 - 07:00;06:30 - 07:00
MONTIVILLIERS;07:30 - 11:30 / 04:30 - 07:30;07:30 - 11:30 / 04:30 - 07:30;07:30 - 11:30 / 04:30 - 07:30;07:30 - 11:30 / 04:30 - 07:30;07:30 - 11:30;04:30 - 07:30;00:30 - 06:30;00:30 - 06:30;00:30 - 06:30;00:30 - 06:30;00:30 - 06:30;00:30 - 06:30;00:30 - 06:00;00:30 - 06:00;00:30 - 06:00;00:30 - 06:00;00:30 - 06:00;00:30 - 06:00
CALAIS;07:30 - 08:00 / 02:00 - 07:30;07:30 - 08:00 / 02:00 - 07:30;07:30 - 08:00 / 02:00 - 07:30;07:30 - 08:00 / 02:00 - 07:30;07:30 - 08:00 / 02:00 - 07:30;07:30 - 08:00 / 02:00 - 07:30;07:30 - 08:00 / 02:00 - 07:30;07:30 - 08:00 / 02:00 - 07:30;07:30 - 08:00 / 02:00 - 07:30;07:30 - 08:00 / 02:00 - 07:30;07:30 - 08:00 / 02:00 - 07:30;07:30 - 08:00 / 02:00 - 07:30;12:00 - 16:00;12:00 - 16:00;12:00 - 16:00;12:00 - 16:00;12:00 - 16:00;12:00 - 15:00
HIRSON;07:30 - 12:00 / 06:00 - 07:30;07:30 - 12:00 / 06:00 - 07:30;07:30 - 12:00 / 06:00 - 07:30;07:30 - 12:00 / 06:00 - 07:30;07:30 - 12:00;06:00 - 07:30;07:30 - 11:00 / 05:00 - 07:30;07:30 - 11:00 / 05:00 - 07:30;07:30 - 11:00 / 05:00 - 07:30;07:30 - 11:00 / 05:00 - 07:30;07:30 - 11:00 / 05:00 - 07:30;07:30 - 11:00 / 05:00 - 07:30;07:30 - 08:00 / 05:00 - 07:30;07:30 - 08:00 / 05:00 - 07:30;07:30 - 08:00 / 05:00 - 07:30;07:30 - 08:00 / 05:00 - 07:30;07:30 - 08:00 / 05:00 - 07:30;07:30 - 08:00 / 05:00 - 07:30
MERS LES BAINS;07:30 - 11:30 / 04:00 - 07:30;07:30 - 11:30 / 04:00 - 07:30;07:30 - 11:30 / 04:00 - 07:30;07:30 - 11:30 / 04:00 - 07:30;07:30 - 11:30 / 04:00 - 07:30;07:30 - 11:30 / 04:00 - 07:30;07:30 - 11:30 / 03:00 - 07:30;07:30 - 11:30 / 03:00 - 07:30;07:30 - 11:30 / 03:00 - 07:30;07:30 - 11:30 / 03:00 - 07:30;07:30 - 11:30 / 03:00 - 07:30;07:30 - 11:30 / 03:00 - 07:30;07:30 - 11:30 / 03:00 - 07:30;07:30 - 11:30 / 03:00 - 07:30;07:30 - 11:30 / 03:00 - 07:30;07:30 - 11:30 / 03:00 - 07:30;07:30 - 11:30 / 03:00 - 07:30;07:30 - 11:30 / 03:00 - 07:30
NOYON;07:30 - 12:00 / 01:00 - 07:30;07:30 - 12:00 / 01:00 - 07:30;07:30 - 12:00 / 01:00 - 07:30;07:30 - 12:00 / 01:00 - 07:30;07:30 - 12:00 / 01:00 - 07:30;07:30 - 08:30 / 01:00 - 07:30;07:30 - 12:00 / 01:00 - 07:30;07:30 - 12:00 / 01:00 - 07:30;07:30 - 12:00 / 01:00 - 07:30;07:30 - 12:00 / 01:00 - 07:30;07:30 - 12:00 / 01:00 - 07:30;07:30 - 08:30 / 01:00 - 07:30;07:30 - 12:30 / 01:00 - 07:30;07:30 - 12:30 / 01:00 - 07:30;07:30 - 12:30 / 01:00 - 07:30;07:30 - 12:30 / 01:00 - 07:30;07:30 - 12:30 / 01:00 - 07:30;07:30 - 08:30 / 01:00 - 07:30
VIRY NOUREUIL;07:30 - 12:00 / 05:00 - 07:30;07:30 - 12:00 / 05:00 - 07:30;07:30 - 12:00 / 05:00 - 07:30;07:30 - 12:00 / 05:00 - 07:30;07:30 - 12:00 / 05:00 - 07:30;07:30 - 12:00 / 05:00 - 07:30;07:30 - 12:00 / 04:00 - 07:30;07:30 - 12:00 / 04:00 - 07:30;07:30 - 12:00 / 04:00 - 07:30;07:30 - 12:00 / 04:00 - 07:30;07:30 - 12:00 / 04:00 - 07:30;07:30 - 12:00 / 04:00 - 07:30;07:30 - 12:00 / 04:00 - 07:30;07:30 - 12:00 / 04:00 - 07:30;07:30 - 12:00 / 04:00 - 07:30;07:30 - 12:00 / 04:00 - 07:30;07:30 - 12:00 / 04:00 - 07:30;07:30 - 12:00 / 04:00 - 07:30
MERU;07:30 - 12:00 / 06:00 - 07:30;07:30 - 12:00 / 06:00 - 07:30;07:30 - 12:00 / 06:00 - 07:30;07:30 - 12:00 / 06:00 - 07:30;07:30 - 12:00;06:00 - 07:30;01:30 - 06:00;01:30 - 06:00;01:30 - 06:00;01:30 - 06:00;01:30 - 06:00;01:30 - 06:00;06:00 - 07:00;06:00 - 07:00;06:00 - 07:00;06:00 - 07:00;06:00 - 07:00;06:00 - 07:00
CHRONO CROIX 4154;07:30 - 17:30 / 06:00 - 07:30;07:30 - 17:30 / 06:00 - 07:30;07:30 - 17:30 / 06:00 - 07:30;07:30 - 17:30 / 06:00 - 07:30;07:30 - 17:30;13:00 - 17:30 / 06:00 - 07:30;07:30 - 09:00 / 05:00 - 07:30;07:30 - 09:00 / 05:00 - 07:30;07:30 - 09:00 / 05:00 - 07:30;07:30 - 09:00 / 05:00 - 07:30;07:30 - 09:00 / 05:00 - 07:30;07:30 - 09:00 / 05:00 - 07:30;07:30 - 08:00 / 07:00 - 07:30;07:30 - 08:00 / 07:00 - 07:30;07:30 - 08:00 / 07:00 - 07:30;07:30 - 08:00 / 07:00 - 07:30;07:30 - 08:00 / 07:00 - 07:30;07:30 - 08:00 / 07:00 - 07:30
CHRONO MARCQ 4128;07:30 - 17:00 / 05:00 - 07:30;07:30 - 17:00 / 05:00 - 07:30;07:30 - 17:00 / 05:00 - 07:30;07:30 - 17:00 / 05:00 - 07:30;07:30 - 17:00 / 05:00 - 07:30;07:30 - 17:00 / 05:00 - 07:30;07:30 - 09:00 / 05:00 - 07:30;07:30 - 09:00 / 05:00 - 07:30;07:30 - 09:00 / 05:00 - 07:30;07:30 - 09:00 / 05:00 - 07:30;07:30 - 09:00 / 05:00 - 07:30;07:30 - 09:00 / 05:00 - 07:30;07:30 - 08:00 / 07:00 - 07:30;07:30 - 08:00 / 07:00 - 07:30;07:30 - 08:00 / 07:00 - 07:30;07:30 - 08:00 / 07:00 - 07:30;07:30 - 08:00;07:00 - 07:30
CHRONO HALLENNES 4167;07:30 - 07:30;07:30 - 07:30;07:30 - 07:30;07:30 - 07:30;07:30 - 07:30;07:30 - 16:00 / 06:00 - 07:30;07:30 - 09:00 / 05:00 - 07:30;07:30 - 09:00 / 05:00 - 07:30;07:30 - 09:00 / 05:00 - 07:30;07:30 - 09:00 / 05:00 - 07:30;07:30 - 09:00 / 05:00 - 07:30;07:30 - 09:00 / 05:00 - 07:30;05:00 - 06:00;05:00 - 06:00;05:00 - 06:00;05:00 - 06:00;05:00 - 06:00;05:00 - 06:00
CHRONO COUDEKERQUE 4242;07:30 - 16:00 / 05:30 - 07:30;07:30 - 16:00 / 05:30 - 07:30;07:30 - 16:00 / 05:30 - 07:30;07:30 - 16:00 / 05:30 - 07:30;07:30 - 16:00 / 05:30 - 07:30;07:30 - 16:00 / 05:30 - 07:30;07:30 - 16:00 / 05:30 - 07:30;07:30 - 16:00 / 05:30 - 07:30;07:30 - 16:00 / 05:30 - 07:30;07:30 - 16:00 / 05:30 - 07:30;07:30 - 16:00 / 05:30 - 07:30;07:30 - 16:00 / 05:30 - 07:30;07:30 - 16:00 / 05:30 - 07:30;07:30 - 16:00 / 05:30 - 07:30;07:30 - 16:00 / 05:30 - 07:30;07:30 - 16:00 / 05:30 - 07:30;07:30 - 16:00 / 05:30 - 07:30;07:30 - 16:00 / 05:30 - 07:30
CHRONO IFS;07:30 - 10:30 / 05:30 - 07:30;07:30 - 10:30 / 05:30 - 07:30;07:30 - 10:30 / 05:30 - 07:30;07:30 - 10:30 / 05:30 - 07:30;07:30 - 10:30 / 05:30 - 07:30;Fermé;07:30 - 10:30 / 03:00 - 07:30;07:30 - 10:30 / 03:00 - 07:30;07:30 - 10:30 / 03:00 - 07:30;07:30 - 10:30 / 03:00 - 07:30;07:30 - 10:30 / 03:00 - 07:30;07:30 - 09:00 / 03:00 - 07:30;Fermé;Fermé;Fermé;Fermé;Fermé;Fermé
DRIVE FACHES;07:30 - 13:00 / 06:00 - 07:30;07:30 - 13:00 / 06:00 - 07:30;07:30 - 13:00 / 06:00 - 07:30;07:30 - 13:00 / 06:00 - 07:30;07:30 - 13:00;06:00 - 07:30;Fermé;Fermé;Fermé;Fermé;Fermé;Fermé;07:30 - 10:30 / 03:00 - 07:30;07:30 - 10:30 / 03:00 - 07:30;07:30 - 10:30 / 03:00 - 07:30;07:30 - 10:30 / 03:00 - 07:30;07:30 - 10:30 / 03:00 - 07:30;07:30 - 09:00 / 03:00 - 07:30
CHRONO WASQUEHAL 4303;07:30 - 10:00 / 04:30 - 07:30;07:30 - 10:00 / 04:30 - 07:30;07:30 - 10:00 / 04:30 - 07:30;07:30 - 10:00 / 04:30 - 07:30;07:30 - 10:00 / 04:30 - 07:30;07:30 - 10:00 / 04:30 - 07:30;07:30 - 10:00 / 04:30 - 07:30;07:30 - 10:00 / 04:30 - 07:30;07:30 - 10:00 / 04:30 - 07:30;07:30 - 10:00 / 04:30 - 07:30;07:30 - 10:00 / 04:30 - 07:30;07:30 - 10:00 / 04:30 - 07:30;07:30 - 10:00 / 04:30 - 07:30;07:30 - 10:00 / 04:30 - 07:30;07:30 - 10:00 / 04:30 - 07:30;07:30 - 10:00 / 04:30 - 07:30;07:30 - 10:00 / 04:30 - 07:30;07:30 - 10:00 / 04:30 - 07:30
CHRONO COMPIEGNE 4345;07:30 - 16:00 / 06:30 - 07:30;07:30 - 16:00 / 06:30 - 07:30;07:30 - 16:00 / 06:30 - 07:30;07:30 - 16:00 / 06:30 - 07:30;07:30 - 16:00 / 06:30 - 07:30;07:30 - 13:00 / 06:30 - 07:30;07:30 - 10:00 / 06:00 - 07:30;07:30 - 10:00 / 06:00 - 07:30;07:30 - 10:00 / 06:00 - 07:30;07:30 - 10:00 / 06:00 - 07:30;07:30 - 10:00 / 06:00 - 07:30;07:30 - 10:00 / 06:00 - 07:30;07:30 - 08:00 / 06:15 - 07:30;07:30 - 08:00 / 06:15 - 07:30;07:30 - 08:00 / 06:15 - 07:30;07:30 - 08:00 / 06:15 - 07:30;07:30 - 08:00 / 06:15 - 07:30;07:30 - 08:00 / 06:15 - 07:30
CHRONO AVELIN 4361;07:30 - 17:00 / 04:45 - 07:30;07:30 - 17:00 / 04:45 - 07:30;07:30 - 17:00 / 04:45 - 07:30;07:30 - 17:00 / 04:45 - 07:30;07:30 - 17:00 / 04:45 - 07:30;07:30 - 17:00 / 04:45 - 07:30;07:30 - 09:00 / 05:00 - 07:30;07:30 - 09:00 / 05:00 - 07:30;07:30 - 09:00 / 05:00 - 07:30;07:30 - 09:00 / 05:00 - 07:30;07:30 - 09:00 / 05:00 - 07:30;07:30 - 09:00 / 05:00 - 07:30;07:30 - 08:00 / 04:45 - 07:30;07:30 - 08:00 / 04:45 - 07:30;07:30 - 08:00 / 04:45 - 07:30;07:30 - 08:00 / 04:45 - 07:30;07:30 - 08:00 / 04:45 - 07:30;07:30 - 08:00 / 04:45 - 07:30
CHRONO VALENCIENNES 4370;07:30 - 16:00 / 06:00 - 07:30;07:30 - 16:00 / 06:00 - 07:30;07:30 - 16:00 / 06:00 - 07:30;07:30 - 16:00 / 06:00 - 07:30;07:30 - 16:00 / 06:00 - 07:30;07:30 - 16:00 / 06:00 - 07:30;07:30 - 10:00 / 06:00 - 07:30;07:30 - 10:00 / 06:00 - 07:30;07:30 - 10:00 / 06:00 - 07:30;07:30 - 10:00 / 06:00 - 07:30;07:30 - 10:00 / 06:00 - 07:30;07:30 - 10:00 / 06:00 - 07:30;07:30 - 08:00 / 06:00 - 07:30;07:30 - 08:00 / 06:00 - 07:30;07:30 - 08:00 / 06:00 - 07:30;07:30 - 08:00 / 06:00 - 07:30;07:30 - 08:00 / 06:00 - 07:30;07:30 - 08:00 / 06:00 - 07:30
CHRONO LAMBERSART 4424;07:30 - 17:00 / 04:30 - 07:30;07:30 - 17:00 / 04:30 - 07:30;07:30 - 17:00 / 04:30 - 07:30;07:30 - 17:00 / 04:30 - 07:30;07:30 - 17:00 / 04:30 - 07:30;07:30 - 17:00 / 04:30 - 07:30;07:30 - 17:00 / 04:30 - 07:30;07:30 - 17:00 / 04:30 - 07:30;07:30 - 17:00 / 04:30 - 07:30;07:30 - 17:00 / 04:30 - 07:30;07:30 - 17:00 / 04:30 - 07:30;07:30 - 17:00 / 04:30 - 07:30;07:30 - 17:00 / 04:30 - 07:30;07:30 - 17:00 / 04:30 - 07:30;07:30 - 17:00 / 04:30 - 07:30;07:30 - 17:00 / 04:30 - 07:30;07:30 - 17:00 / 04:30 - 07:30;07:30 - 17:00 / 04:30 - 07:30
CHRONO ELEU DIT LEAUWETTE 4462;07:30 - 18:00 / 06:00 - 07:30;07:30 - 18:00 / 06:00 - 07:30;07:30 - 18:00 / 06:00 - 07:30;07:30 - 18:00 / 06:00 - 07:30;07:30 - 18:00 / 06:00 - 07:30;07:30 - 18:00 / 06:00 - 07:30;07:30 - 18:00 / 06:00 - 07:30;07:30 - 18:00 / 06:00 - 07:30;07:30 - 18:00 / 06:00 - 07:30;07:30 - 18:00 / 06:00 - 07:30;07:30 - 18:00 / 06:00 - 07:30;07:30 - 18:00 / 06:00 - 07:30;07:30 - 09:00 / 07:00 - 07:30;07:30 - 09:00 / 07:00 - 07:30;07:30 - 09:00 / 07:00 - 07:30;07:30 - 09:00 / 07:00 - 07:30;07:30 - 09:00 / 07:00 - 07:30;07:30 - 09:00 / 07:00 - 07:30
FRANQUEVILLE CHRONODRIVE 4475;07:30 - 12:00 / 06:00 - 07:30;07:30 - 12:00 / 06:00 - 07:30;07:30 - 12:00 / 06:00 - 07:30;07:30 - 12:00 / 06:00 - 07:30;07:30 - 12:00 / 06:00 - 07:30;07:30 - 12:00 / 06:00 - 07:30;07:30 - 12:00 / 06:00 - 07:30;07:30 - 12:00 / 06:00 - 07:30;07:30 - 12:00 / 06:00 - 07:30;07:30 - 12:00 / 06:00 - 07:30;07:30 - 12:00 / 06:00 - 07:30;07:30 - 12:00 / 06:00 - 07:30;07:30 - 12:00 / 06:00 - 07:30;07:30 - 12:00 / 06:00 - 07:30;07:30 - 12:00 / 06:00 - 07:30;07:30 - 12:00 / 06:00 - 07:30;07:30 - 12:00 / 06:00 - 07:30;07:30 - 12:00 / 06:00 - 07:30
CHRONO BONDUES 4703;07:30 - 17:00 / 05:30 - 07:30;07:30 - 17:00 / 05:30 - 07:30;07:30 - 17:00 / 05:30 - 07:30;07:30 - 17:00 / 05:30 - 07:30;07:30 - 17:00 / 05:30 - 07:30;07:30 - 17:00 / 04:30 - 07:30;07:30 - 17:00 / 05:30 - 07:30;07:30 - 17:00 / 05:30 - 07:30;07:30 - 17:00 / 05:30 - 07:30;07:30 - 17:00 / 05:30 - 07:30;07:30 - 17:00 / 04:30 - 07:30;07:30 - 17:00 / 05:30 - 07:30;07:30 - 17:00 / 05:30 - 07:30;07:30 - 17:00 / 05:30 - 07:30;07:30 - 17:00 / 05:30 - 07:30;07:30 - 17:00 / 05:30 - 07:30;07:30 - 17:00 / 04:30 - 07:30;07:30 - 17:00 / 05:30 - 07:30
DRIVE NOYON;07:30 - 12:00 / 01:00 - 07:30;07:30 - 12:00 / 01:00 - 07:30;07:30 - 12:00 / 01:00 - 07:30;07:30 - 12:00 / 01:00 - 07:30;07:30 - 12:00 / 01:00 - 07:30;07:30 - 08:30 / 01:00 - 07:30;07:30 - 12:00 / 01:00 - 07:30;07:30 - 12:00 / 01:00 - 07:30;07:30 - 12:00 / 01:00 - 07:30;07:30 - 12:00 / 01:00 - 07:30;07:30 - 12:00 / 01:00 - 07:30;07:30 - 08:30 / 01:00 - 07:30;07:30 - 12:30 / 01:00 - 07:30;07:30 - 12:30 / 01:00 - 07:30;07:30 - 12:30 / 01:00 - 07:30;07:30 - 12:30 / 01:00 - 07:30;07:30 - 12:30 / 01:00 - 07:30;07:30 - 08:30 / 01:00 - 07:30
DRIVE CHERBOURG;07:30 - 10:30 / 03:00 - 07:30;07:30 - 10:30 / 03:00 - 07:30;07:30 - 10:30 / 03:00 - 07:30;07:30 - 10:30 / 03:00 - 07:30;07:30 - 10:30 / 03:00 - 07:30;07:30 - 09:00 / 03:00 - 07:30;07:30 - 10:30 / 03:00 - 07:30;07:30 - 10:30 / 03:00 - 07:30;07:30 - 10:30 / 03:00 - 07:30;07:30 - 10:30 / 03:00 - 07:30;07:30 - 10:30 / 03:00 - 07:30;07:30 - 09:00 / 03:00 - 07:30;07:30 - 10:30 / 03:00 - 07:30;07:30 - 10:30 / 03:00 - 07:30;07:30 - 10:30 / 03:00 - 07:30;07:30 - 10:30 / 03:00 - 07:30;07:30 - 10:30 / 03:00 - 07:30;07:30 - 09:00 / 03:00 - 07:30
DRIVE VILLENEUVE D'ASCQ;07:30 - 12:00 / 07:00 - 07:30;07:30 - 12:00 / 07:00 - 07:30;07:30 - 12:00 / 07:00 - 07:30;07:30 - 12:00 / 07:00 - 07:30;07:30 - 12:00 / 07:00 - 07:30;07:30 - 12:00 / 07:00 - 07:30;Fermé;Fermé;Fermé;Fermé;Fermé;Fermé;Fermé;Fermé;Fermé;Fermé;Fermé;Fermé
DRIVE DUNKERQUE;07:30 - 18:00 / 05:30 - 07:30;07:30 - 18:00 / 05:30 - 07:30;07:30 - 18:00 / 05:30 - 07:30;07:30 - 18:00 / 05:30 - 07:30;07:30 - 18:00 / 05:30 - 07:30;07:30 - 18:00 / 05:30 - 07:30;07:30 - 18:00 / 05:30 - 07:30;07:30 - 18:00 / 05:30 - 07:30;07:30 - 18:00 / 05:30 - 07:30;07:30 - 18:00 / 05:30 - 07:30;07:30 - 18:00 / 05:30 - 07:30;07:30 - 18:00 / 05:30 - 07:30;07:30 - 18:00 / 05:30 - 07:30;07:30 - 18:00 / 05:30 - 07:30;07:30 - 18:00 / 05:30 - 07:30;07:30 - 18:00 / 05:30 - 07:30;07:30 - 18:00 / 05:30 - 07:30;07:30 - 18:00 / 05:30 - 07:30
DRIVE NOGENT SUR OISE;13:00- 19:00;13:00- 19:00;13:00- 19:00;13:00- 19:00;13:00- 19:00;13:00- 19:00;07:30 - 11:00 / 04:15 - 07:30;07:30 - 11:00 / 04:15 - 07:30;07:30 - 11:00 / 04:15 - 07:30;07:30 - 11:00 / 04:15 - 07:30;07:30 - 11:00 / 04:15 - 07:30;07:30 - 11:00 / 04:15 - 07:30;07:30 - 11:00 / 04:15 - 07:30;07:30 - 11:00 / 04:15 - 07:30;07:30 - 11:00 / 04:15 - 07:30;07:30 - 11:00 / 04:15 - 07:30;07:30 - 11:00 / 04:15 - 07:30;07:30 - 11:00 / 04:15 - 07:30
DRIVE ARRAS;07:30 - 16:30 / 06:00 - 07:30;07:30 - 16:30 / 06:00 - 07:30;07:30 - 16:30 / 06:00 - 07:30;07:30 - 16:30 / 06:00 - 07:30;07:30 - 16:30;06:00 - 07:30;07:30 - 12:00 / 05:15 - 07:30;07:30 - 12:00 / 05:15 - 07:30;07:30 - 12:00 / 05:15 - 07:30;07:30 - 12:00 / 05:15 - 07:30;07:30 - 12:00 / 05:15 - 07:30;07:30 - 12:00 / 05:15 - 07:30;07:30 - 16:30 / 06:00 - 07:30;07:30 - 16:30 / 06:00 - 07:30;07:30 - 16:30 / 06:00 - 07:30;07:30 - 16:30 / 06:00 - 07:30;07:30 - 16:30 / 06:00 - 07:30;07:30 - 16:30 / 06:00 - 07:30
DRIVE BEAUVAIS;07:30 - 12:00 / 06:00 - 07:30;07:30 - 12:00 / 06:00 - 07:30;07:30 - 12:00 / 06:00 - 07:30;07:30 - 12:00 / 06:00 - 07:30;07:30 - 12:00;06:00 - 07:30;03:00 - 07:00;03:00 - 07:00;03:00 - 07:00;03:00 - 07:00;03:00 - 07:00;03:00 - 07:00;03:00 - 07:00;03:00 - 07:00;03:00 - 07:00;03:00 - 07:00;03:00 - 07:00;03:00 - 07:00
DRIVE CAMBRAI;07:30 - 12:21 / 04:00 - 07:30;07:30 - 12:21 / 04:00 - 07:30;07:30 - 12:21 / 04:00 - 07:30;07:30 - 12:21 / 04:00 - 07:30;07:30 - 12:21 / 04:00 - 07:30;07:30 - 12:21 / 04:00 - 07:30;07:30 - 12:21 / 04:00 - 07:30;07:30 - 12:21 / 04:00 - 07:30;07:30 - 12:21 / 04:00 - 07:30;07:30 - 12:21 / 04:00 - 07:30;07:30 - 12:21 / 04:00 - 07:30;07:30 - 12:21 / 04:00 - 07:30;07:30 - 09:00 / 04:00 - 07:30;07:30 - 09:00 / 04:00 - 07:30;07:30 - 09:00 / 04:00 - 07:30;07:30 - 09:00 / 04:00 - 07:30;07:30 - 09:00 / 04:00 - 07:30;07:30 - 09:00 / 04:00 - 07:30
DRIVE DIEPPE;07:30 - 11:30 / 04:00 - 07:30;07:30 - 11:30 / 04:00 - 07:30;07:30 - 11:30 / 04:00 - 07:30;07:30 - 11:30 / 04:00 - 07:30;07:30 - 11:30 / 04:00 - 07:30;07:30 - 11:30 / 04:00 - 07:30;07:30 - 11:30 / 04:00 - 07:30;07:30 - 11:30 / 04:00 - 07:30;07:30 - 11:30 / 04:00 - 07:30;07:30 - 11:30 / 04:00 - 07:30;07:30 - 11:30 / 04:00 - 07:30;07:30 - 11:30 / 04:00 - 07:30;Fermé;Fermé;Fermé;Fermé;Fermé;Fermé
DRIVE VALENCIENNES;07:30 - 19:00 / 05:00 - 07:30;07:30 - 19:00 / 05:00 - 07:30;07:30 - 19:00 / 05:00 - 07:30;07:30 - 19:00 / 05:00 - 07:30;07:30 - 19:00 / 05:00 - 07:30;07:30 - 11:00 / 05:00 - 07:30;07:30 - 11:00 / 05:00 - 07:30;07:30 - 11:00 / 05:00 - 07:30;07:30 - 11:00 / 05:00 - 07:30;07:30 - 11:00 / 05:00 - 07:30;07:30 - 11:00 / 05:00 - 07:30;07:30 - 11:00 / 05:00 - 07:30;07:30 - 11:00 / 04:00 - 07:30;07:30 - 11:00 / 04:00 - 07:30;07:30 - 11:00 / 04:00 - 07:30;07:30 - 11:00 / 04:00 - 07:30;07:30 - 11:00 / 04:00 - 07:30;07:30 - 11:00 / 04:00 - 07:30
DRIVE DOUAI;07:30 - 12:30 / 04:45 - 07:30;07:30 - 12:30 / 04:45 - 07:30;07:30 - 12:30 / 04:45 - 07:30;07:30 - 12:30 / 04:45 - 07:30;07:30 - 12:30 / 04:45 - 07:30;07:30 - 12:30 / 04:45 - 07:30;07:30 - 12:30 / 04:45 - 07:30;07:30 - 12:30 / 04:45 - 07:30;07:30 - 12:30 / 04:45 - 07:30;07:30 - 12:30 / 04:45 - 07:30;07:30 - 12:30 / 04:45 - 07:30;07:30 - 12:30 / 04:45 - 07:30;07:30 - 09:00 / 05:00 - 07:30;07:30 - 09:00 / 05:00 - 07:30;07:30 - 09:00 / 05:00 - 07:30;07:30 - 09:00 / 05:00 - 07:30;07:30 - 09:00 / 05:00 - 07:30;07:30 - 09:00 / 05:00 - 07:30
DRIVE LEERS;07:30 - 18:00 / 05:00 - 07:30;07:30 - 18:00 / 05:00 - 07:30;07:30 - 18:00 / 05:00 - 07:30;07:30 - 18:00 / 05:00 - 07:30;07:30 - 18:00 / 05:00 - 07:30;07:30 - 18:00 / 05:00 - 07:30;07:30 - 18:00 / 05:00 - 07:30;07:30 - 18:00 / 05:00 - 07:30;07:30 - 18:00 / 05:00 - 07:30;07:30 - 18:00 / 05:00 - 07:30;07:30 - 18:00 / 05:00 - 07:30;07:30 - 18:00 / 05:00 - 07:30;07:30 - 11:00 / 05:00 - 07:30;07:30 - 11:00 / 05:00 - 07:30;07:30 - 11:00 / 05:00 - 07:30;07:30 - 11:00 / 05:00 - 07:30;07:30 - 11:00;05:00 - 07:30
DRIVE RONCQ;07:30 - 16:00 / 06:00 - 07:30;07:30 - 16:00 / 06:00 - 07:30;07:30 - 16:00 / 06:00 - 07:30;07:30 - 16:00 / 06:00 - 07:30;07:30 - 16:00 / 06:00 - 07:30;07:30 - 16:00 / 06:00 - 07:30;07:30 - 12:30 / 06:00 - 07:30;07:30 - 12:30 / 06:00 - 07:30;07:30 - 12:30 / 06:00 - 07:30;07:30 - 12:30 / 06:00 - 07:30;07:30 - 12:30 / 06:00 - 07:30;07:30 - 12:30 / 06:00 - 07:30;07:30 - 10:30 / 06:00 - 07:30;07:30 - 10:30 / 06:00 - 07:30;07:30 - 10:30 / 06:00 - 07:30;07:30 - 10:30 / 06:00 - 07:30;07:30 - 10:30 / 06:00 - 07:30;07:30 - 10:30 / 06:00 - 07:30
DRIVE ENGLOS;07:30 - 15:00 / 04:00 - 07:30;07:30 - 15:00 / 04:00 - 07:30;07:30 - 15:00 / 04:00 - 07:30;07:30 - 15:00 / 04:00 - 07:30;07:30 - 15:00 / 04:00 - 07:30;07:30 - 15:00 / 04:00 - 07:30;07:30 - 11:00 / 04:00 - 07:30;07:30 - 11:00 / 04:00 - 07:30;07:30 - 11:00 / 04:00 - 07:30;07:30 - 11:00 / 04:00 - 07:30;07:30 - 11:00 / 04:00 - 07:30;07:30 - 11:00 / 04:00 - 07:30;07:30 - 11:00 / 04:00 - 07:30;07:30 - 11:00 / 04:00 - 07:30;07:30 - 11:00 / 04:00 - 07:30;07:30 - 11:00 / 04:00 - 07:30;07:30 - 11:00 / 04:00 - 07:30;07:30 - 11:00 / 04:00 - 07:30
DRIVE BOULOGNE;07:30 - 18:00 / 05:30 - 07:30;07:30 - 18:00 / 05:30 - 07:30;07:30 - 18:00 / 05:30 - 07:30;07:30 - 18:00 / 05:30 - 07:30;07:30 - 18:00 / 05:30 - 07:30;07:30 - 18:00 / 05:30 - 07:30;07:30 - 12:30 / 05:30 - 07:30;07:30 - 12:30 / 05:30 - 07:30;07:30 - 12:30 / 05:30 - 07:30;07:30 - 12:30 / 05:30 - 07:30;07:30 - 12:30 / 05:30 - 07:30;07:30 - 12:30 / 05:30 - 07:30;07:30 - 18:00 / 05:30 - 07:30;07:30 - 18:00 / 05:30 - 07:30;07:30 - 18:00 / 05:30 - 07:30;07:30 - 18:00 / 05:30 - 07:30;07:30 - 18:00 / 05:30 - 07:30;07:30 - 18:00 / 05:30 - 07:30
DRIVE ST OMER;07:30 - 19:00 / 05:00 - 07:30;07:30 - 19:00 / 05:00 - 07:30;07:30 - 19:00 / 05:00 - 07:30;07:30 - 19:00 / 05:00 - 07:30;07:30 - 19:00 / 05:00 - 07:30;07:30 - 15:00 / 05:00 - 07:30;07:30 - 09:00 / 05:00 - 07:30;07:30 - 09:00 / 05:00 - 07:30;07:30 - 09:00 / 05:00 - 07:30;07:30 - 09:00 / 05:00 - 07:30;07:30 - 09:00 / 05:00 - 07:30;07:30 - 09:00 / 05:00 - 07:30;07:30 - 09:00 / 05:00 - 07:30;07:30 - 09:00 / 05:00 - 07:30;07:30 - 09:00 / 05:00 - 07:30;07:30 - 09:00 / 05:00 - 07:30;07:30 - 09:00 / 05:00 - 07:30;07:30 - 09:00 / 05:00 - 07:30
DRIVE PETITE FORET;07:30 - 13:00 / 06:00 - 07:30;07:30 - 13:00 / 06:00 - 07:30;07:30 - 13:00 / 06:00 - 07:30;07:30 - 13:00 / 06:00 - 07:30;07:30 - 13:00;06:00 - 07:30;07:30 - 12:00 / 03:15 - 07:30;07:30 - 12:00 / 03:15 - 07:30;07:30 - 12:00 / 03:15 - 07:30;07:30 - 12:00 / 03:15 - 07:30;07:30 - 12:00;15:00 - 16:00 / 03:15 - 07:30;07:30 - 12:00 / 03:15 - 07:30;07:30 - 12:00 / 03:15 - 07:30;07:30 - 12:00 / 03:15 - 07:30;07:30 - 12:00 / 03:15 - 07:30;07:30 - 12:00;15:00 - 16:00 / 03:15 - 07:30
DRIVE LOUVROIL;07:30 - 12:30 / 04:00 - 07:30;07:30 - 12:30 / 04:00 - 07:30;07:30 - 12:30 / 04:00 - 07:30;07:30 - 12:30 / 04:00 - 07:30;07:30 - 12:30 / 04:00 - 07:30;07:30 - 12:30 / 04:00 - 07:30;07:30 - 12:30 / 04:00 - 07:30;07:30 - 12:30 / 04:00 - 07:30;07:30 - 12:30 / 04:00 - 07:30;07:30 - 12:30 / 04:00 - 07:30;07:30 - 12:30 / 04:00 - 07:30;07:30 - 12:30 / 04:00 - 07:30;07:30 - 12:30 / 04:00 - 07:30;07:30 - 12:30 / 04:00 - 07:30;07:30 - 12:30 / 04:00 - 07:30;07:30 - 12:30 / 04:00 - 07:30;07:30 - 12:30 / 04:00 - 07:30;07:30 - 12:30 / 04:00 - 07:30
DRIVE MONTIVILLIERS;07:30 - 10:15 / 03:00 - 07:30;07:30 - 10:15 / 03:00 - 07:30;07:30 - 10:15 / 03:00 - 07:30;07:30 - 10:15 / 03:00 - 07:30;07:30 - 10:15 / 03:00 - 07:30;07:30 - 10:15 / 03:00 - 07:30;07:30 - 10:15 / 03:00 - 07:30;07:30 - 10:15 / 03:00 - 07:30;07:30 - 10:15 / 03:00 - 07:30;07:30 - 10:15 / 03:00 - 07:30;07:30 - 10:15 / 03:00 - 07:30;07:30 - 10:15 / 03:00 - 07:30;03:00 - 06:00;03:00 - 06:00;03:00 - 06:00;03:00 - 06:00;03:00 - 06:00;03:00 - 06:00
DRIVE BETHUNE;07:30 - 18:00 / 05:00 - 07:30;07:30 - 18:00 / 05:00 - 07:30;07:30 - 18:00 / 05:00 - 07:30;07:30 - 18:00 / 05:00 - 07:30;07:30 - 18:00 / 05:00 - 07:30;07:30 - 18:00 / 05:00 - 07:30;07:30 - 18:00 / 05:00 - 07:30;07:30 - 18:00 / 05:00 - 07:30;07:30 - 18:00 / 05:00 - 07:30;07:30 - 18:00 / 05:00 - 07:30;07:30 - 18:00 / 05:00 - 07:30;07:30 - 18:00 / 05:00 - 07:30;07:30 - 18:00 / 05:00 - 07:30;07:30 - 18:00 / 05:00 - 07:30;07:30 - 18:00 / 05:00 - 07:30;07:30 - 18:00 / 05:00 - 07:30;07:30 - 18:00 / 05:00 - 07:30;07:30 - 18:00 / 05:00 - 07:30
DRIVE NOYELLES;07:30 - 18:00 / 04:00 - 07:30;07:30 - 18:00 / 04:00 - 07:30;07:30 - 18:00 / 04:00 - 07:30;07:30 - 18:00 / 04:00 - 07:30;07:30 - 18:00 / 04:00 - 07:30;07:30 - 18:00 / 04:00 - 07:30;07:30 - 18:00 / 04:00 - 07:30;07:30 - 18:00 / 04:00 - 07:30;07:30 - 18:00 / 04:00 - 07:30;07:30 - 18:00 / 04:00 - 07:30;07:30 - 18:00 / 04:00 - 07:30;07:30 - 18:00 / 04:00 - 07:30;07:30 - 18:00 / 04:00 - 07:30;07:30 - 18:00 / 04:00 - 07:30;07:30 - 18:00 / 04:00 - 07:30;07:30 - 18:00 / 04:00 - 07:30;07:30 - 18:00 / 04:00 - 07:30;07:30 - 18:00 / 04:00 - 07:30
DRIVE LE HAVRE;07:30 - 11:00 / 04:15 - 07:30;07:30 - 11:00 / 04:15 - 07:30;07:30 - 11:00 / 04:15 - 07:30;07:30 - 11:00 / 04:15 - 07:30;07:30 - 11:00 / 04:15 - 07:30;07:30 - 11:00 / 04:15 - 07:30;07:30 - 11:00 / 04:15 - 07:30;07:30 - 11:00 / 04:15 - 07:30;07:30 - 11:00 / 04:15 - 07:30;07:30 - 11:00 / 04:15 - 07:30;07:30 - 11:00 / 04:15 - 07:30;07:30 - 11:00 / 04:15 - 07:30;07:30 - 11:00 / 04:15 - 07:30;07:30 - 11:00 / 04:15 - 07:30;07:30 - 11:00 / 04:15 - 07:30;07:30 - 11:00 / 04:15 - 07:30;07:30 - 11:00 / 04:15 - 07:30;07:30 - 11:00 / 04:15 - 07:30
DRIVE DURY;07:30 - 20:00 / 04:00 - 07:30;07:30 - 20:00 / 04:00 - 07:30;07:30 - 20:00 / 04:00 - 07:30;07:30 - 20:00 / 04:00 - 07:30;07:30 - 20:00 / 04:00 - 07:30;07:30 - 15:00 / 04:00 - 07:30;07:30 - 20:00 / 04:00 - 07:30;07:30 - 20:00 / 04:00 - 07:30;07:30 - 20:00 / 04:00 - 07:30;07:30 - 20:00 / 04:00 - 07:30;07:30 - 20:00 / 04:00 - 07:30;07:30 - 15:00 / 04:00 - 07:30;07:30 - 20:00 / 04:00 - 07:30;07:30 - 20:00 / 04:00 - 07:30;07:30 - 20:00 / 04:00 - 07:30;07:30 - 20:00 / 04:00 - 07:30;07:30 - 20:00 / 04:00 - 07:30;07:30 - 15:00 / 04:00 - 07:30
DRIVE ST QUENTIN;07:30 - 12:00 / 05:00 - 07:30;07:30 - 12:00 / 05:00 - 07:30;07:30 - 12:00 / 05:00 - 07:30;07:30 - 12:00 / 05:00 - 07:30;07:30 - 12:00 / 05:00 - 07:30;07:30 - 12:00 / 05:00 - 07:30;07:30 - 09:00 / 05:00 - 07:30;07:30 - 09:00 / 05:00 - 07:30;07:30 - 09:00 / 05:00 - 07:30;07:30 - 09:00 / 05:00 - 07:30;07:30 - 09:00 / 05:00 - 07:30;07:30 - 09:00 / 05:00 - 07:30;07:30 - 09:00 / 05:00 - 07:30;07:30 - 09:00 / 05:00 - 07:30;07:30 - 09:00 / 05:00 - 07:30;07:30 - 09:00 / 05:00 - 07:30;07:30 - 09:00 / 05:00 - 07:30;07:30 - 09:00 / 05:00 - 07:30
DRIVE CALAIS;07:30 - 20:00 / 05:30 - 07:30;07:30 - 20:00 / 05:30 - 07:30;07:30 - 20:00 / 05:30 - 07:30;07:30 - 20:00 / 05:30 - 07:30;07:30 - 20:00 / 05:30 - 07:30;07:30 - 20:00 / 05:30 - 07:30;07:30 - 20:00 / 05:30 - 07:30;07:30 - 20:00 / 05:30 - 07:30;07:30 - 20:00 / 05:30 - 07:30;07:30 - 20:00 / 05:30 - 07:30;07:30 - 20:00 / 05:30 - 07:30;07:30 - 20:00 / 05:30 - 07:30;07:30 - 20:00 / 05:30 - 07:30;07:30 - 20:00 / 05:30 - 07:30;07:30 - 20:00 / 05:30 - 07:30;07:30 - 20:00 / 05:30 - 07:30;07:30 - 20:00 / 05:30 - 07:30;07:30 - 20:00 / 05:30 - 07:30
1184 AULNOYE SUPER;07:30 - 09:00 / 05:00 - 07:30;07:30 - 09:00 / 05:00 - 07:30;07:30 - 09:00 / 05:00 - 07:30;07:30 - 09:00 / 05:00 - 07:30;07:30 - 09:00;05:00 - 07:30;07:30 - 09:00 / 05:00 - 07:30;07:30 - 09:00 / 05:00 - 07:30;07:30 - 09:00 / 05:00 - 07:30;07:30 - 09:00 / 05:00 - 07:30;07:30 - 09:00;05:00 - 07:30;Fermé;Fermé;Fermé;Fermé;Fermé;Fermé
1185 ST SAULVE SUPER;07:30 - 12:00 / 05:00 - 07:30;07:30 - 12:00 / 05:00 - 07:30;07:30 - 12:00 / 05:00 - 07:30;07:30 - 12:00 / 05:00 - 07:30;07:30 - 12:00;05:00 - 07:30;07:30 - 12:00 / 05:00 - 07:30;07:30 - 12:00 / 05:00 - 07:30;07:30 - 12:00 / 05:00 - 07:30;07:30 - 12:00 / 05:00 - 07:30;07:30 - 12:00;05:00 - 07:30;Fermé;Fermé;Fermé;Fermé;Fermé;Fermé
1186 ST QUENTIN SCHUMANN SUPER;08:00 - 16:30;08:00 - 16:30;08:00 - 16:30;08:00 - 16:30;08:00 - 16:30;Fermé;08:00 - 16:30;08:00 - 16:30;08:00 - 16:30;08:00 - 16:30;08:00 - 16:30;Fermé;Fermé;Fermé;Fermé;Fermé;Fermé;Fermé
1189 FOURMIES SUPER;07:30 - 12:00 / 05:00 - 07:30;07:30 - 12:00 / 05:00 - 07:30;07:30 - 12:00 / 05:00 - 07:30;07:30 - 12:00 / 05:00 - 07:30;07:30 - 12:00;05:00 - 07:30;07:30 - 12:00 / 05:00 - 07:30;07:30 - 12:00 / 05:00 - 07:30;07:30 - 12:00 / 05:00 - 07:30;07:30 - 12:00 / 05:00 - 07:30;07:30 - 12:00;05:00 - 07:30;Fermé;Fermé;Fermé;Fermé;Fermé;Fermé
1190 LINSELLES SUPER;07:30 - 08:00 / 05:00 - 07:30;07:30 - 08:00 / 05:00 - 07:30;07:30 - 08:00 / 05:00 - 07:30;07:30 - 08:00 / 05:00 - 07:30;07:30 - 08:00;05:00 - 07:30;07:30 - 08:00 / 05:00 - 07:30;07:30 - 08:00 / 05:00 - 07:30;07:30 - 08:00 / 05:00 - 07:30;07:30 - 08:00 / 05:00 - 07:30;07:30 - 08:00;05:00 - 07:30;Fermé;Fermé;Fermé;Fermé;Fermé;Fermé
CHANTILLY SUPER 1192;07:30 - 11:00 / 07:00 - 07:30;07:30 - 11:00 / 07:00 - 07:30;07:30 - 11:00 / 07:00 - 07:30;07:30 - 11:00 / 07:00 - 07:30;07:30 - 11:00;07:00 - 07:30;07:30 - 11:00 / 07:00 - 07:30;07:30 - 11:00 / 07:00 - 07:30;07:30 - 11:00 / 07:00 - 07:30;07:30 - 11:00 / 07:00 - 07:30;07:30 - 11:00;07:00 - 07:30;Fermé;Fermé;Fermé;Fermé;Fermé;Fermé
1194 COMPIEGNE SUPER;08:00 - 13:00;08:00 - 13:00;08:00 - 13:00;08:00 - 13:00;08:00 - 13:00;Fermé;08:00 - 13:00;08:00 - 13:00;08:00 - 13:00;08:00 - 13:00;08:00 - 13:00;Fermé;Fermé;Fermé;Fermé;Fermé;Fermé;Fermé
1195 AMIENS ROLLIN SUPER;04:30 - 06:30;04:30 - 06:30;04:30 - 06:30;04:30 - 06:30;Fermé;04:30 - 06:30;04:30 - 06:30;04:30 - 06:30;04:30 - 06:30;04:30 - 06:30;Fermé;04:30 - 06:30;Fermé;Fermé;Fermé;Fermé;Fermé;Fermé
1208 NOTRE DAME DE GRAVENCHON SUPER;07:30 - 12:00 / 05:00 - 07:30;07:30 - 12:00 / 05:00 - 07:30;07:30 - 12:00 / 05:00 - 07:30;07:30 - 12:00 / 05:00 - 07:30;07:30 - 12:00;05:00 - 07:30;07:30 - 12:00 / 05:00 - 07:30;07:30 - 12:00 / 05:00 - 07:30;07:30 - 12:00 / 05:00 - 07:30;07:30 - 12:00 / 05:00 - 07:30;07:30 - 12:00;05:00 - 07:30;07:30 - 19:00 / 06:00 - 07:30;07:30 - 19:00 / 06:00 - 07:30;07:30 - 19:00 / 06:00 - 07:30;07:30 - 19:00 / 06:00 - 07:30;07:30 - 19:00;06:00 - 07:30
1211 BOSC ROGER SUPER;07:30 - 09:00 / 05:00 - 07:30;07:30 - 09:00 / 05:00 - 07:30;07:30 - 09:00 / 05:00 - 07:30;07:30 - 09:00 / 05:00 - 07:30;07:30 - 09:00;05:00 - 07:30;07:30 - 09:00 / 05:00 - 07:30;07:30 - 09:00 / 05:00 - 07:30;07:30 - 09:00 / 05:00 - 07:30;07:30 - 09:00 / 05:00 - 07:30;07:30 - 09:00;05:00 - 07:30;Fermé;Fermé;Fermé;Fermé;Fermé;Fermé
GAILLON SUPER 1213;07:30 - 11:00 / 05:00 - 07:30;07:30 - 11:00 / 05:00 - 07:30;07:30 - 11:00 / 05:00 - 07:30;07:30 - 11:00 / 05:00 - 07:30;07:30 - 11:00;05:00 - 07:30;07:30 - 11:00 / 05:00 - 07:30;07:30 - 11:00 / 05:00 - 07:30;07:30 - 11:00 / 05:00 - 07:30;07:30 - 11:00 / 05:00 - 07:30;07:30 - 11:00;05:00 - 07:30;Fermé;Fermé;Fermé;Fermé;Fermé;Fermé
1264 AUTINGUES SUPER;07:30 - 10:30 / 05:00 - 07:30;07:30 - 10:30 / 05:00 - 07:30;07:30 - 10:30 / 05:00 - 07:30;07:30 - 10:30 / 05:00 - 07:30;07:30 - 10:30;05:00 - 07:30;07:30 - 10:30 / 05:00 - 07:30;07:30 - 10:30 / 05:00 - 07:30;07:30 - 10:30 / 05:00 - 07:30;07:30 - 10:30 / 05:00 - 07:30;07:30 - 10:30;05:00 - 07:30;Fermé;Fermé;Fermé;Fermé;Fermé;Fermé
1267 CALAIS DELAROCHE SUPER;06:30 - 07:30;06:30 - 07:30;06:30 - 07:30;06:30 - 07:30;Fermé;06:30 - 07:30;06:30 - 07:30;06:30 - 07:30;06:30 - 07:30;06:30 - 07:30;Fermé;06:30 - 07:30;Fermé;Fermé;Fermé;Fermé;Fermé;Fermé
FLEURY SUR ORNE SUPER 1272;07:30 - 08:30 / 05:30 - 07:30;07:30 - 08:30 / 05:30 - 07:30;07:30 - 08:30 / 05:30 - 07:30;07:30 - 08:30 / 05:30 - 07:30;07:30 - 08:30;05:30 - 07:30;07:30 - 08:30 / 05:30 - 07:30;07:30 - 08:30 / 05:30 - 07:30;07:30 - 08:30 / 05:30 - 07:30;07:30 - 08:30 / 05:30 - 07:30;07:30 - 08:30;05:30 - 07:30;Fermé;Fermé;Fermé;Fermé;Fermé;Fermé
1290 CORBIE SUPER;07:30 - 11:00 / 05:00 - 07:30;07:30 - 11:00 / 05:00 - 07:30;07:30 - 11:00 / 05:00 - 07:30;07:30 - 11:00 / 05:00 - 07:30;07:30 - 11:00;05:00 - 07:30;07:30 - 11:00 / 05:00 - 07:30;07:30 - 11:00 / 05:00 - 07:30;07:30 - 11:00 / 05:00 - 07:30;07:30 - 11:00 / 05:00 - 07:30;07:30 - 11:00;05:00 - 07:30;Fermé;Fermé;Fermé;Fermé;Fermé;Fermé
1293 AVION SUPER;07:30 - 11:00 / 05:00 - 07:30;07:30 - 11:00 / 05:00 - 07:30;07:30 - 11:00 / 05:00 - 07:30;07:30 - 11:00 / 05:00 - 07:30;07:30 - 11:00;05:00 - 07:30;07:30 - 11:00 / 05:00 - 07:30;07:30 - 11:00 / 05:00 - 07:30;07:30 - 11:00 / 05:00 - 07:30;07:30 - 11:00 / 05:00 - 07:30;07:30 - 11:00;05:00 - 07:30;Fermé;Fermé;Fermé;Fermé;Fermé;Fermé
1297 HARNES SUPER;07:30 - 16:00 / 06:00 - 07:30;07:30 - 16:00 / 06:00 - 07:30;07:30 - 16:00 / 06:00 - 07:30;07:30 - 16:00 / 06:00 - 07:30;07:30 - 16:00;06:00 - 07:30;07:30 - 16:00 / 06:00 - 07:30;07:30 - 16:00 / 06:00 - 07:30;07:30 - 16:00 / 06:00 - 07:30;07:30 - 16:00 / 06:00 - 07:30;07:30 - 16:00;06:00 - 07:30;Fermé;Fermé;Fermé;Fermé;Fermé;Fermé
COLLEVILLE MONTGOMERY SUPER 1310;03:00 - 06:00;03:00 - 06:00;03:00 - 06:00;03:00 - 06:00;Fermé;03:00 - 06:00;03:00 - 06:00;03:00 - 06:00;03:00 - 06:00;03:00 - 06:00;Fermé;03:00 - 06:00;Fermé;Fermé;Fermé;Fermé;Fermé;Fermé
1312 FORMERIE SUPER;07:30 - 17:00 / 05:00 - 07:30;07:30 - 17:00 / 05:00 - 07:30;07:30 - 17:00 / 05:00 - 07:30;07:30 - 17:00 / 05:00 - 07:30;07:30 - 17:00;05:00 - 07:30;07:30 - 17:00 / 05:00 - 07:30;07:30 - 17:00 / 05:00 - 07:30;07:30 - 17:00 / 05:00 - 07:30;07:30 - 17:00 / 05:00 - 07:30;07:30 - 17:00;05:00 - 07:30;Fermé;Fermé;Fermé;Fermé;Fermé;Fermé
1318 MOUVAUX SUPER;07:30 - 12:00 / 05:30 - 07:30;07:30 - 12:00 / 05:30 - 07:30;07:30 - 12:00 / 05:30 - 07:30;07:30 - 12:00 / 05:30 - 07:30;07:30 - 12:00;05:30 - 07:30;07:30 - 12:00 / 05:30 - 07:30;07:30 - 12:00 / 05:30 - 07:30;07:30 - 12:00 / 05:30 - 07:30;07:30 - 12:00 / 05:30 - 07:30;07:30 - 12:00;05:30 - 07:30;Fermé;Fermé;Fermé;Fermé;Fermé;Fermé
1320 VILLERS BRETONNEUX SUPER;07:30 - 12:00 / 06:00 - 07:30;07:30 - 12:00 / 06:00 - 07:30;07:30 - 12:00 / 06:00 - 07:30;07:30 - 12:00 / 06:00 - 07:30;07:30 - 12:00;06:00 - 07:30;07:30 - 12:00 / 06:00 - 07:30;07:30 - 12:00 / 06:00 - 07:30;07:30 - 12:00 / 06:00 - 07:30;07:30 - 12:00 / 06:00 - 07:30;07:30 - 12:00;06:00 - 07:30;Fermé;Fermé;Fermé;Fermé;Fermé;Fermé
1335 NESLE SUPER;13:30 - 15:45;13:30 - 15:45;13:30 - 15:45;13:30 - 15:45;13:30 - 15:45;Fermé;13:30 - 15:45;13:30 - 15:45;13:30 - 15:45;13:30 - 15:45;13:30 - 15:45;Fermé;Fermé;Fermé;Fermé;Fermé;Fermé;Fermé
1341 LESQUIN SUPER;07:30 - 11:00 / 06:00 - 07:30;07:30 - 11:00 / 06:00 - 07:30;07:30 - 11:00 / 06:00 - 07:30;07:30 - 11:00 / 06:00 - 07:30;07:30 - 11:00;06:00 - 07:30;07:30 - 11:00 / 06:00 - 07:30;07:30 - 11:00 / 06:00 - 07:30;07:30 - 11:00 / 06:00 - 07:30;07:30 - 11:00 / 06:00 - 07:30;07:30 - 11:00;06:00 - 07:30;07:30 - 12:00 / 06:00 - 07:30;07:30 - 12:00 / 06:00 - 07:30;07:30 - 12:00 / 06:00 - 07:30;07:30 - 12:00 / 06:00 - 07:30;07:30 - 12:00;06:00 - 07:30
1343 ORCHIES SUPER;07:30 - 11:00 / 05:00 - 07:30;07:30 - 11:00 / 05:00 - 07:30;07:30 - 11:00 / 05:00 - 07:30;07:30 - 11:00 / 05:00 - 07:30;07:30 - 11:00;05:00 - 07:30;07:30 - 08:00 / 05:00 - 07:30;07:30 - 08:00 / 05:00 - 07:30;07:30 - 08:00 / 05:00 - 07:30;07:30 - 08:00 / 05:00 - 07:30;07:30 - 08:00;05:00 - 07:30;Fermé;Fermé;Fermé;Fermé;Fermé;Fermé
1346 LUNERAY SUPER;07:30 - 10:00 / 05:00 - 07:30;07:30 - 10:00 / 05:00 - 07:30;07:30 - 10:00 / 05:00 - 07:30;07:30 - 10:00 / 05:00 - 07:30;07:30 - 10:00;05:00 - 07:30;07:30 - 10:00 / 05:00 - 07:30;07:30 - 10:00 / 05:00 - 07:30;07:30 - 10:00 / 05:00 - 07:30;07:30 - 10:00 / 05:00 - 07:30;07:30 - 10:00;05:00 - 07:30;Fermé;Fermé;Fermé;Fermé;Fermé;Fermé
1365 LENS 2 SUPER;07:30 - 14:00 / 06:00 - 07:30;07:30 - 14:00 / 06:00 - 07:30;07:30 - 14:00 / 06:00 - 07:30;07:30 - 14:00 / 06:00 - 07:30;07:30 - 14:00;06:00 - 07:30;07:30 - 14:00 / 06:00 - 07:30;07:30 - 14:00 / 06:00 - 07:30;07:30 - 14:00 / 06:00 - 07:30;07:30 - 14:00 / 06:00 - 07:30;07:30 - 14:00;06:00 - 07:30;07:30 - 12:00 / 05:30 - 07:30;07:30 - 12:00 / 05:30 - 07:30;07:30 - 12:00 / 05:30 - 07:30;07:30 - 12:00 / 05:30 - 07:30;07:30 - 12:00;05:30 - 07:30
1370 LE HAVRE SUPER;07:30 - 09:00 / 05:00 - 07:30;07:30 - 09:00 / 05:00 - 07:30;07:30 - 09:00 / 05:00 - 07:30;07:30 - 09:00 / 05:00 - 07:30;07:30 - 09:00;05:00 - 07:30;07:30 - 08:30 / 05:00 - 07:30;07:30 - 08:30 / 05:00 - 07:30;07:30 - 08:30 / 05:00 - 07:30;07:30 - 08:30 / 05:00 - 07:30;07:30 - 08:30;05:00 - 07:30;07:30 - 18:30 / 05:00 - 07:30;07:30 - 18:30 / 05:00 - 07:30;07:30 - 18:30 / 05:00 - 07:30;07:30 - 18:30 / 05:00 - 07:30;07:30 - 18:30;05:00 - 07:30
1395 VALENCIENNES SUPER;07:30 - 16:00 / 06:00 - 07:30;07:30 - 16:00 / 06:00 - 07:30;07:30 - 16:00 / 06:00 - 07:30;07:30 - 16:00 / 06:00 - 07:30;07:30 - 16:00;06:00 - 07:30;07:30 - 16:00 / 06:00 - 07:30;07:30 - 16:00 / 06:00 - 07:30;07:30 - 16:00 / 06:00 - 07:30;07:30 - 16:00 / 06:00 - 07:30;07:30 - 16:00;06:00 - 07:30;Fermé;Fermé;Fermé;Fermé;Fermé;Fermé
HEROUVILLE ST CLAIR SUPER 1397;07:30 - 10:00 / 07:00 - 07:30;07:30 - 10:00 / 07:00 - 07:30;07:30 - 10:00 / 07:00 - 07:30;07:30 - 10:00 / 07:00 - 07:30;07:30 - 10:00;07:00 - 07:30;07:30 - 10:00 / 07:00 - 07:30;07:30 - 10:00 / 07:00 - 07:30;07:30 - 10:00 / 07:00 - 07:30;07:30 - 10:00 / 07:00 - 07:30;07:30 - 10:00;07:00 - 07:30;Fermé;Fermé;Fermé;Fermé;Fermé;Fermé
1506 LENS SUPER;07:30 - 14:00 / 06:30 - 07:30;07:30 - 14:00 / 06:30 - 07:30;07:30 - 14:00 / 06:30 - 07:30;07:30 - 14:00 / 06:30 - 07:30;07:30 - 14:00;06:30 - 07:30;07:30 - 14:00 / 06:30 - 07:30;07:30 - 14:00 / 06:30 - 07:30;07:30 - 14:00 / 06:30 - 07:30;07:30 - 14:00 / 06:30 - 07:30;07:30 - 14:00;06:30 - 07:30;07:30 - 12:00 / 06:00 - 07:30;07:30 - 12:00 / 06:00 - 07:30;07:30 - 12:00 / 06:00 - 07:30;07:30 - 12:00 / 06:00 - 07:30;07:30 - 12:00;06:00 - 07:30
VAL DE REUIL SUPER 1507;07:30 - 12:00 / 05:00 - 07:30;07:30 - 12:00 / 05:00 - 07:30;07:30 - 12:00 / 05:00 - 07:30;07:30 - 12:00 / 05:00 - 07:30;07:30 - 12:00;05:00 - 07:30;07:30 - 12:00 / 05:00 - 07:30;07:30 - 12:00 / 05:00 - 07:30;07:30 - 12:00 / 05:00 - 07:30;07:30 - 12:00 / 05:00 - 07:30;07:30 - 12:00;05:00 - 07:30;Fermé;Fermé;Fermé;Fermé;Fermé;Fermé
4313 CANTELEU SUPER;07:30 - 08:00 / 05:00 - 07:30;07:30 - 08:00 / 05:00 - 07:30;07:30 - 08:00 / 05:00 - 07:30;07:30 - 08:00 / 05:00 - 07:30;07:30 - 08:00;05:00 - 07:30;07:30 - 08:00 / 05:00 - 07:30;07:30 - 08:00 / 05:00 - 07:30;07:30 - 08:00 / 05:00 - 07:30;07:30 - 08:00 / 05:00 - 07:30;07:30 - 08:00;05:00 - 07:30;Fermé;Fermé;Fermé;Fermé;Fermé;Fermé
LONGUEIL SAINTE MARIE SUPER 4315;07:30 - 12:00 / 06:00 - 07:30;07:30 - 12:00 / 06:00 - 07:30;07:30 - 12:00 / 06:00 - 07:30;07:30 - 12:00 / 06:00 - 07:30;07:30 - 12:00;06:00 - 07:30;07:30 - 12:00 / 06:00 - 07:30;07:30 - 12:00 / 06:00 - 07:30;07:30 - 12:00 / 06:00 - 07:30;07:30 - 12:00 / 06:00 - 07:30;07:30 - 12:00;06:00 - 07:30;Fermé;Fermé;Fermé;Fermé;Fermé;Fermé
4536 LILLE WAZEMMES MY AUCHAN;07:30 - 12:00 / 06:00 - 07:30;07:30 - 12:00 / 06:00 - 07:30;07:30 - 12:00 / 06:00 - 07:30;07:30 - 12:00 / 06:00 - 07:30;07:30 - 12:00;06:00 - 07:30;07:30 - 12:00 / 06:00 - 07:30;07:30 - 12:00 / 06:00 - 07:30;07:30 - 12:00 / 06:00 - 07:30;07:30 - 12:00 / 06:00 - 07:30;07:30 - 12:00;06:00 - 07:30;Fermé;Fermé;Fermé;Fermé;Fermé;Fermé
4926 BILLY BERCLAU SUPER;07:30 - 15:00 / 05:00 - 07:30;07:30 - 15:00 / 05:00 - 07:30;07:30 - 15:00 / 05:00 - 07:30;07:30 - 15:00 / 05:00 - 07:30;07:30 - 15:00;05:00 - 07:30;07:30 - 15:00 / 05:00 - 07:30;07:30 - 15:00 / 05:00 - 07:30;07:30 - 15:00 / 05:00 - 07:30;07:30 - 15:00 / 05:00 - 07:30;07:30 - 15:00;05:00 - 07:30;Fermé;Fermé;Fermé;Fermé;Fermé;Fermé
4977 RUE SUPER;07:30 - 10:30 / 05:00 - 07:30;07:30 - 10:30 / 05:00 - 07:30;07:30 - 10:30 / 05:00 - 07:30;07:30 - 10:30 / 05:00 - 07:30;07:30 - 10:30;05:00 - 07:30;07:30 - 10:30 / 05:00 - 07:30;07:30 - 10:30 / 05:00 - 07:30;07:30 - 10:30 / 05:00 - 07:30;07:30 - 10:30 / 05:00 - 07:30;07:30 - 10:30;05:00 - 07:30;Fermé;Fermé;Fermé;Fermé;Fermé;Fermé
